{"type": "metrics", "dataset": "train", "precision": 0.950648528946536, "balanced_accuracy": 0.8131829107180352, "recall": 0.635978835978836, "f1_score": 0.7621100684757799}
{"type": "metrics", "dataset": "test", "precision": 0.6588037068239259, "balanced_accuracy": 0.6765116565085233, "recall": 0.41028331584470096, "f1_score": 0.5056579372777239}
{"type": "cm_matrix", "dataset": "train", "true_0": {"predicted_0": 16072, "predicted_1": 156}, "true_1": {"predicted_0": 1720, "predicted_1": 3005}}
{"type": "cm_matrix", "dataset": "test", "true_0": {"predicted_0": 6678, "predicted_1": 405}, "true_1": {"predicted_0": 1124, "predicted_1": 782}}
